id,name
<built-in function id>,Uribe
<built-in function id>,Lopez
<built-in function id>,Petro
<built-in function id>,Uribe
<built-in function id>,Lopez
<built-in function id>,Petro
<built-in function id>,Lopez
<built-in function id>,Petro
<built-in function id>,Uribe
<built-in function id>,Uribe
<built-in function id>,Petro
<built-in function id>,Petro
<built-in function id>,Lopez
<built-in function id>,Lopez
<built-in function id>,Lopez
<built-in function id>,Petro
<built-in function id>,Petro
<built-in function id>,Lopez
<built-in function id>,Uribe
<built-in function id>,Uribe
<built-in function id>,Petro
<built-in function id>,Lopez
<built-in function id>,Lopez
<built-in function id>,Petro
<built-in function id>,Uribe
<built-in function id>,Lopez
<built-in function id>,Lopez
<built-in function id>,Uribe
<built-in function id>,Petro
<built-in function id>,Lopez
<built-in function id>,Lopez
<built-in function id>,Petro
<built-in function id>,Uribe
<built-in function id>,Lopez
<built-in function id>,Petro
<built-in function id>,Uribe
<built-in function id>,Uribe
<built-in function id>,Lopez
<built-in function id>,Uribe
<built-in function id>,Uribe
<built-in function id>,Lopez
<built-in function id>,Lopez
<built-in function id>,Uribe
<built-in function id>,Lopez
<built-in function id>,Petro
<built-in function id>,Uribe
<built-in function id>,Petro
<built-in function id>,Uribe
<built-in function id>,Petro
<built-in function id>,Lopez
<built-in function id>,Petro
<built-in function id>,Lopez
<built-in function id>,Lopez
<built-in function id>,Petro
<built-in function id>,Petro
<built-in function id>,Lopez
<built-in function id>,Uribe
<built-in function id>,Petro
<built-in function id>,Uribe
<built-in function id>,Lopez
<built-in function id>,Uribe
<built-in function id>,Uribe
<built-in function id>,Petro
<built-in function id>,Lopez
<built-in function id>,Petro
<built-in function id>,Lopez
<built-in function id>,Petro
<built-in function id>,Petro
<built-in function id>,Petro
<built-in function id>,Lopez
<built-in function id>,Uribe
<built-in function id>,Uribe
<built-in function id>,Lopez
<built-in function id>,Petro
<built-in function id>,Lopez
<built-in function id>,Uribe
<built-in function id>,Petro
<built-in function id>,Uribe
<built-in function id>,Uribe
<built-in function id>,Lopez
<built-in function id>,Lopez
<built-in function id>,Uribe
<built-in function id>,Uribe
<built-in function id>,Lopez
<built-in function id>,Uribe
<built-in function id>,Petro
<built-in function id>,Uribe
<built-in function id>,Lopez
<built-in function id>,Petro
<built-in function id>,Uribe
<built-in function id>,Uribe
<built-in function id>,Uribe
<built-in function id>,Petro
<built-in function id>,Petro
<built-in function id>,Uribe
<built-in function id>,Uribe
<built-in function id>,Uribe
<built-in function id>,Lopez
<built-in function id>,Petro
<built-in function id>,Petro
<built-in function id>,Petro
<built-in function id>,Uribe
<built-in function id>,Lopez
<built-in function id>,Uribe
<built-in function id>,Lopez
<built-in function id>,Uribe
<built-in function id>,Lopez
<built-in function id>,Uribe
<built-in function id>,Petro
<built-in function id>,Uribe
<built-in function id>,Uribe
<built-in function id>,Lopez
<built-in function id>,Uribe
<built-in function id>,Uribe
<built-in function id>,Lopez
<built-in function id>,Uribe
<built-in function id>,Uribe
<built-in function id>,Uribe
<built-in function id>,Uribe
<built-in function id>,Uribe
<built-in function id>,Petro
<built-in function id>,Uribe
<built-in function id>,Petro
<built-in function id>,Lopez
<built-in function id>,Uribe
<built-in function id>,Lopez
<built-in function id>,Uribe
<built-in function id>,Uribe
<built-in function id>,Uribe
<built-in function id>,Petro
<built-in function id>,Uribe
<built-in function id>,Uribe
<built-in function id>,Lopez
<built-in function id>,Uribe
<built-in function id>,Lopez
<built-in function id>,Uribe
<built-in function id>,Lopez
<built-in function id>,Petro
<built-in function id>,Petro
<built-in function id>,Lopez
<built-in function id>,Uribe
<built-in function id>,Lopez
<built-in function id>,Petro
<built-in function id>,Uribe
<built-in function id>,Petro
<built-in function id>,Uribe
<built-in function id>,Uribe
<built-in function id>,Petro
<built-in function id>,Uribe
<built-in function id>,Lopez
<built-in function id>,Lopez
<built-in function id>,Petro
<built-in function id>,Uribe
<built-in function id>,Uribe
<built-in function id>,Petro
<built-in function id>,Petro
<built-in function id>,Uribe
<built-in function id>,Lopez
<built-in function id>,Lopez
<built-in function id>,Petro
<built-in function id>,Lopez
<built-in function id>,Uribe
<built-in function id>,Uribe
<built-in function id>,Uribe
<built-in function id>,Lopez
<built-in function id>,Uribe
<built-in function id>,Lopez
<built-in function id>,Lopez
<built-in function id>,Lopez
<built-in function id>,Uribe
<built-in function id>,Uribe
<built-in function id>,Lopez
<built-in function id>,Petro
<built-in function id>,Petro
<built-in function id>,Uribe
<built-in function id>,Uribe
<built-in function id>,Lopez
<built-in function id>,Uribe
<built-in function id>,Lopez
<built-in function id>,Uribe
<built-in function id>,Uribe
<built-in function id>,Lopez
<built-in function id>,Uribe
<built-in function id>,Uribe
<built-in function id>,Lopez
<built-in function id>,Uribe
<built-in function id>,Petro
<built-in function id>,Petro
<built-in function id>,Uribe
<built-in function id>,Lopez
<built-in function id>,Uribe
<built-in function id>,Petro
<built-in function id>,Lopez
<built-in function id>,Lopez
<built-in function id>,Lopez
<built-in function id>,Uribe
<built-in function id>,Uribe
<built-in function id>,Lopez
<built-in function id>,Uribe
<built-in function id>,Uribe
<built-in function id>,Uribe
<built-in function id>,Uribe
<built-in function id>,Lopez
<built-in function id>,Uribe
<built-in function id>,Uribe
<built-in function id>,Uribe
<built-in function id>,Uribe
<built-in function id>,Lopez
<built-in function id>,Petro
<built-in function id>,Lopez
<built-in function id>,Uribe
<built-in function id>,Uribe
<built-in function id>,Lopez
<built-in function id>,Uribe
<built-in function id>,Lopez
<built-in function id>,Uribe
<built-in function id>,Uribe
<built-in function id>,Uribe
<built-in function id>,Petro
<built-in function id>,Petro
<built-in function id>,Lopez
<built-in function id>,Uribe
<built-in function id>,Lopez
<built-in function id>,Lopez
<built-in function id>,Lopez
<built-in function id>,Lopez
<built-in function id>,Lopez
<built-in function id>,Uribe
<built-in function id>,Petro
<built-in function id>,Uribe
<built-in function id>,Uribe
<built-in function id>,Petro
<built-in function id>,Petro
<built-in function id>,Uribe
<built-in function id>,Petro
<built-in function id>,Lopez
<built-in function id>,Lopez
<built-in function id>,Uribe
<built-in function id>,Lopez
<built-in function id>,Uribe
<built-in function id>,Petro
<built-in function id>,Lopez
<built-in function id>,Petro
<built-in function id>,Petro
<built-in function id>,Uribe
<built-in function id>,Petro
<built-in function id>,Petro
<built-in function id>,Uribe
<built-in function id>,Uribe
<built-in function id>,Lopez
<built-in function id>,Lopez
<built-in function id>,Uribe
<built-in function id>,Petro
<built-in function id>,Lopez
<built-in function id>,Uribe
<built-in function id>,Uribe
<built-in function id>,Uribe
<built-in function id>,Lopez
<built-in function id>,Lopez
<built-in function id>,Uribe
<built-in function id>,Petro
<built-in function id>,Uribe
<built-in function id>,Petro
<built-in function id>,Lopez
<built-in function id>,Uribe
<built-in function id>,Lopez
<built-in function id>,Uribe
<built-in function id>,Uribe
<built-in function id>,Lopez
<built-in function id>,Uribe
<built-in function id>,Lopez
<built-in function id>,Petro
<built-in function id>,Uribe
<built-in function id>,Petro
<built-in function id>,Lopez
<built-in function id>,Uribe
<built-in function id>,Petro
<built-in function id>,Lopez
<built-in function id>,Petro
<built-in function id>,Lopez
<built-in function id>,Uribe
<built-in function id>,Uribe
<built-in function id>,Lopez
<built-in function id>,Lopez
<built-in function id>,Lopez
<built-in function id>,Petro
<built-in function id>,Uribe
<built-in function id>,Lopez
<built-in function id>,Petro
<built-in function id>,Lopez
<built-in function id>,Uribe
<built-in function id>,Uribe
<built-in function id>,Lopez
<built-in function id>,Petro
<built-in function id>,Petro
<built-in function id>,Lopez
<built-in function id>,Uribe
<built-in function id>,Lopez
<built-in function id>,Uribe
<built-in function id>,Petro
<built-in function id>,Uribe
<built-in function id>,Uribe
<built-in function id>,Petro
<built-in function id>,Uribe
<built-in function id>,Petro
<built-in function id>,Lopez
<built-in function id>,Lopez
<built-in function id>,Lopez
<built-in function id>,Uribe
<built-in function id>,Lopez
<built-in function id>,Uribe
<built-in function id>,Lopez
<built-in function id>,Lopez
<built-in function id>,Uribe
<built-in function id>,Lopez
<built-in function id>,Petro
<built-in function id>,Uribe
<built-in function id>,Petro
<built-in function id>,Lopez
<built-in function id>,Petro
<built-in function id>,Uribe
<built-in function id>,Petro
<built-in function id>,Petro
<built-in function id>,Lopez
<built-in function id>,Lopez
<built-in function id>,Lopez
<built-in function id>,Lopez
<built-in function id>,Lopez
<built-in function id>,Lopez
<built-in function id>,Lopez
<built-in function id>,Lopez
<built-in function id>,Lopez
<built-in function id>,Lopez
<built-in function id>,Lopez
<built-in function id>,Lopez
<built-in function id>,Petro
<built-in function id>,Lopez
<built-in function id>,Uribe
<built-in function id>,Uribe
<built-in function id>,Petro
<built-in function id>,Uribe
<built-in function id>,Lopez
<built-in function id>,Lopez
<built-in function id>,Lopez
<built-in function id>,Uribe
<built-in function id>,Lopez
<built-in function id>,Uribe
<built-in function id>,Petro
<built-in function id>,Uribe
<built-in function id>,Uribe
<built-in function id>,Uribe
<built-in function id>,Petro
<built-in function id>,Petro
<built-in function id>,Uribe
<built-in function id>,Petro
<built-in function id>,Lopez
<built-in function id>,Petro
<built-in function id>,Petro
<built-in function id>,Lopez
<built-in function id>,Uribe
<built-in function id>,Uribe
<built-in function id>,Uribe
<built-in function id>,Petro
<built-in function id>,Lopez
<built-in function id>,Petro
<built-in function id>,Lopez
<built-in function id>,Lopez
<built-in function id>,Uribe
<built-in function id>,Lopez
<built-in function id>,Uribe
<built-in function id>,Petro
<built-in function id>,Lopez
<built-in function id>,Petro
<built-in function id>,Lopez
<built-in function id>,Lopez
<built-in function id>,Lopez
<built-in function id>,Uribe
<built-in function id>,Lopez
<built-in function id>,Petro
<built-in function id>,Petro
<built-in function id>,Petro
<built-in function id>,Petro
<built-in function id>,Uribe
<built-in function id>,Uribe
<built-in function id>,Lopez
<built-in function id>,Uribe
<built-in function id>,Lopez
<built-in function id>,Uribe
<built-in function id>,Uribe
<built-in function id>,Lopez
<built-in function id>,Petro
<built-in function id>,Uribe
<built-in function id>,Uribe
<built-in function id>,Uribe
<built-in function id>,Petro
<built-in function id>,Uribe
<built-in function id>,Petro
<built-in function id>,Lopez
<built-in function id>,Uribe
<built-in function id>,Lopez
<built-in function id>,Petro
<built-in function id>,Lopez
<built-in function id>,Lopez
<built-in function id>,Petro
<built-in function id>,Petro
<built-in function id>,Uribe
<built-in function id>,Lopez
<built-in function id>,Petro
<built-in function id>,Lopez
<built-in function id>,Lopez
<built-in function id>,Uribe
<built-in function id>,Lopez
<built-in function id>,Lopez
<built-in function id>,Lopez
<built-in function id>,Uribe
<built-in function id>,Petro
<built-in function id>,Lopez
<built-in function id>,Petro
<built-in function id>,Uribe
<built-in function id>,Lopez
<built-in function id>,Lopez
<built-in function id>,Lopez
<built-in function id>,Uribe
<built-in function id>,Uribe
<built-in function id>,Uribe
<built-in function id>,Petro
<built-in function id>,Petro
<built-in function id>,Petro
<built-in function id>,Petro
<built-in function id>,Lopez
<built-in function id>,Uribe
<built-in function id>,Petro
<built-in function id>,Petro
<built-in function id>,Uribe
<built-in function id>,Uribe
<built-in function id>,Uribe
<built-in function id>,Uribe
<built-in function id>,Uribe
<built-in function id>,Lopez
<built-in function id>,Lopez
<built-in function id>,Lopez
<built-in function id>,Lopez
<built-in function id>,Lopez
<built-in function id>,Lopez
<built-in function id>,Petro
<built-in function id>,Petro
<built-in function id>,Uribe
<built-in function id>,Lopez
<built-in function id>,Uribe
<built-in function id>,Petro
<built-in function id>,Lopez
<built-in function id>,Petro
<built-in function id>,Uribe
<built-in function id>,Uribe
<built-in function id>,Uribe
<built-in function id>,Lopez
<built-in function id>,Lopez
<built-in function id>,Petro
<built-in function id>,Uribe
<built-in function id>,Petro
<built-in function id>,Petro
<built-in function id>,Uribe
<built-in function id>,Lopez
<built-in function id>,Lopez
<built-in function id>,Petro
<built-in function id>,Petro
<built-in function id>,Petro
<built-in function id>,Lopez
<built-in function id>,Petro
<built-in function id>,Uribe
<built-in function id>,Uribe
<built-in function id>,Lopez
<built-in function id>,Uribe
<built-in function id>,Lopez
<built-in function id>,Petro
<built-in function id>,Petro
<built-in function id>,Petro
<built-in function id>,Lopez
<built-in function id>,Uribe
<built-in function id>,Uribe
<built-in function id>,Petro
<built-in function id>,Uribe
<built-in function id>,Uribe
<built-in function id>,Uribe
<built-in function id>,Uribe
<built-in function id>,Uribe
<built-in function id>,Lopez
<built-in function id>,Petro
<built-in function id>,Petro
<built-in function id>,Petro
<built-in function id>,Uribe
<built-in function id>,Lopez
<built-in function id>,Petro
<built-in function id>,Lopez
<built-in function id>,Uribe
<built-in function id>,Uribe
<built-in function id>,Petro
<built-in function id>,Lopez
<built-in function id>,Uribe
<built-in function id>,Petro
<built-in function id>,Petro
<built-in function id>,Petro
<built-in function id>,Petro
<built-in function id>,Lopez
<built-in function id>,Petro
<built-in function id>,Uribe
<built-in function id>,Petro
<built-in function id>,Petro
<built-in function id>,Uribe
<built-in function id>,Petro
<built-in function id>,Petro
<built-in function id>,Lopez
<built-in function id>,Uribe
<built-in function id>,Lopez
<built-in function id>,Uribe
<built-in function id>,Uribe
<built-in function id>,Lopez
<built-in function id>,Lopez
<built-in function id>,Uribe
<built-in function id>,Uribe
<built-in function id>,Lopez
<built-in function id>,Petro
<built-in function id>,Lopez
<built-in function id>,Uribe
<built-in function id>,Lopez
<built-in function id>,Petro
<built-in function id>,Uribe
<built-in function id>,Lopez
<built-in function id>,Petro
<built-in function id>,Uribe
<built-in function id>,Petro
<built-in function id>,Uribe
<built-in function id>,Lopez
<built-in function id>,Uribe
<built-in function id>,Uribe
<built-in function id>,Uribe
<built-in function id>,Uribe
<built-in function id>,Uribe
<built-in function id>,Lopez
<built-in function id>,Petro
<built-in function id>,Lopez
<built-in function id>,Uribe
<built-in function id>,Lopez
<built-in function id>,Uribe
<built-in function id>,Uribe
<built-in function id>,Uribe
<built-in function id>,Petro
<built-in function id>,Lopez
<built-in function id>,Lopez
<built-in function id>,Lopez
<built-in function id>,Lopez
<built-in function id>,Uribe
<built-in function id>,Petro
<built-in function id>,Lopez
<built-in function id>,Lopez
<built-in function id>,Uribe
<built-in function id>,Lopez
<built-in function id>,Uribe
<built-in function id>,Petro
<built-in function id>,Lopez
<built-in function id>,Petro
<built-in function id>,Uribe
<built-in function id>,Petro
<built-in function id>,Uribe
<built-in function id>,Lopez
<built-in function id>,Petro
<built-in function id>,Uribe
<built-in function id>,Lopez
<built-in function id>,Lopez
<built-in function id>,Petro
<built-in function id>,Lopez
<built-in function id>,Lopez
<built-in function id>,Lopez
<built-in function id>,Petro
<built-in function id>,Lopez
<built-in function id>,Lopez
<built-in function id>,Lopez
<built-in function id>,Petro
<built-in function id>,Lopez
<built-in function id>,Lopez
<built-in function id>,Lopez
<built-in function id>,Uribe
<built-in function id>,Uribe
<built-in function id>,Uribe
<built-in function id>,Uribe
<built-in function id>,Lopez
<built-in function id>,Uribe
<built-in function id>,Uribe
<built-in function id>,Lopez
<built-in function id>,Lopez
<built-in function id>,Petro
<built-in function id>,Lopez
<built-in function id>,Petro
<built-in function id>,Lopez
<built-in function id>,Uribe
<built-in function id>,Petro
<built-in function id>,Uribe
<built-in function id>,Petro
<built-in function id>,Petro
<built-in function id>,Petro
<built-in function id>,Lopez
<built-in function id>,Petro
<built-in function id>,Uribe
<built-in function id>,Petro
<built-in function id>,Lopez
<built-in function id>,Petro
<built-in function id>,Lopez
<built-in function id>,Uribe
<built-in function id>,Petro
<built-in function id>,Petro
<built-in function id>,Petro
<built-in function id>,Uribe
<built-in function id>,Petro
<built-in function id>,Lopez
<built-in function id>,Uribe
<built-in function id>,Uribe
<built-in function id>,Petro
<built-in function id>,Uribe
<built-in function id>,Petro
<built-in function id>,Uribe
<built-in function id>,Uribe
<built-in function id>,Uribe
<built-in function id>,Uribe
<built-in function id>,Uribe
<built-in function id>,Lopez
<built-in function id>,Petro
<built-in function id>,Uribe
<built-in function id>,Petro
<built-in function id>,Lopez
<built-in function id>,Lopez
<built-in function id>,Uribe
<built-in function id>,Lopez
<built-in function id>,Lopez
<built-in function id>,Uribe
<built-in function id>,Lopez
<built-in function id>,Petro
<built-in function id>,Uribe
<built-in function id>,Petro
<built-in function id>,Uribe
<built-in function id>,Petro
<built-in function id>,Uribe
<built-in function id>,Uribe
<built-in function id>,Lopez
<built-in function id>,Petro
<built-in function id>,Lopez
<built-in function id>,Lopez
<built-in function id>,Petro
<built-in function id>,Petro
<built-in function id>,Uribe
<built-in function id>,Uribe
<built-in function id>,Uribe
<built-in function id>,Uribe
<built-in function id>,Lopez
<built-in function id>,Lopez
<built-in function id>,Petro
<built-in function id>,Lopez
<built-in function id>,Uribe
<built-in function id>,Lopez
<built-in function id>,Petro
<built-in function id>,Petro
<built-in function id>,Petro
<built-in function id>,Lopez
<built-in function id>,Uribe
<built-in function id>,Lopez
<built-in function id>,Lopez
<built-in function id>,Petro
<built-in function id>,Petro
<built-in function id>,Lopez
<built-in function id>,Uribe
<built-in function id>,Petro
<built-in function id>,Lopez
<built-in function id>,Petro
<built-in function id>,Petro
<built-in function id>,Lopez
<built-in function id>,Petro
<built-in function id>,Lopez
<built-in function id>,Petro
<built-in function id>,Petro
<built-in function id>,Uribe
<built-in function id>,Petro
<built-in function id>,Lopez
<built-in function id>,Petro
<built-in function id>,Petro
<built-in function id>,Lopez
<built-in function id>,Uribe
<built-in function id>,Uribe
<built-in function id>,Uribe
<built-in function id>,Uribe
<built-in function id>,Petro
<built-in function id>,Uribe
<built-in function id>,Uribe
<built-in function id>,Uribe
<built-in function id>,Petro
<built-in function id>,Uribe
<built-in function id>,Lopez
<built-in function id>,Lopez
<built-in function id>,Uribe
<built-in function id>,Lopez
<built-in function id>,Lopez
<built-in function id>,Petro
<built-in function id>,Petro
<built-in function id>,Uribe
<built-in function id>,Uribe
<built-in function id>,Uribe
<built-in function id>,Lopez
<built-in function id>,Petro
<built-in function id>,Petro
<built-in function id>,Uribe
<built-in function id>,Lopez
<built-in function id>,Uribe
<built-in function id>,Petro
<built-in function id>,Lopez
<built-in function id>,Uribe
<built-in function id>,Lopez
<built-in function id>,Uribe
<built-in function id>,Lopez
<built-in function id>,Uribe
<built-in function id>,Uribe
<built-in function id>,Petro
<built-in function id>,Lopez
<built-in function id>,Uribe
<built-in function id>,Lopez
<built-in function id>,Petro
<built-in function id>,Lopez
<built-in function id>,Uribe
<built-in function id>,Uribe
<built-in function id>,Lopez
<built-in function id>,Uribe
<built-in function id>,Lopez
<built-in function id>,Uribe
<built-in function id>,Lopez
<built-in function id>,Uribe
<built-in function id>,Petro
<built-in function id>,Uribe
<built-in function id>,Uribe
<built-in function id>,Lopez
<built-in function id>,Lopez
<built-in function id>,Lopez
<built-in function id>,Uribe
<built-in function id>,Petro
<built-in function id>,Lopez
<built-in function id>,Uribe
<built-in function id>,Uribe
<built-in function id>,Uribe
<built-in function id>,Lopez
<built-in function id>,Uribe
<built-in function id>,Uribe
<built-in function id>,Lopez
<built-in function id>,Lopez
<built-in function id>,Petro
<built-in function id>,Lopez
<built-in function id>,Uribe
<built-in function id>,Uribe
<built-in function id>,Lopez
<built-in function id>,Petro
<built-in function id>,Uribe
<built-in function id>,Lopez
<built-in function id>,Uribe
<built-in function id>,Uribe
<built-in function id>,Uribe
<built-in function id>,Uribe
<built-in function id>,Petro
<built-in function id>,Lopez
<built-in function id>,Petro
<built-in function id>,Lopez
<built-in function id>,Petro
<built-in function id>,Uribe
<built-in function id>,Uribe
<built-in function id>,Lopez
<built-in function id>,Lopez
<built-in function id>,Lopez
<built-in function id>,Petro
<built-in function id>,Petro
<built-in function id>,Uribe
<built-in function id>,Uribe
<built-in function id>,Lopez
<built-in function id>,Lopez
<built-in function id>,Lopez
<built-in function id>,Uribe
<built-in function id>,Lopez
<built-in function id>,Petro
<built-in function id>,Petro
<built-in function id>,Lopez
<built-in function id>,Lopez
<built-in function id>,Lopez
<built-in function id>,Uribe
<built-in function id>,Uribe
<built-in function id>,Petro
<built-in function id>,Uribe
<built-in function id>,Lopez
<built-in function id>,Petro
<built-in function id>,Lopez
<built-in function id>,Lopez
<built-in function id>,Lopez
<built-in function id>,Petro
<built-in function id>,Lopez
<built-in function id>,Uribe
<built-in function id>,Uribe
<built-in function id>,Lopez
<built-in function id>,Uribe
<built-in function id>,Uribe
<built-in function id>,Petro
<built-in function id>,Uribe
<built-in function id>,Uribe
<built-in function id>,Petro
<built-in function id>,Lopez
<built-in function id>,Lopez
<built-in function id>,Lopez
<built-in function id>,Petro
<built-in function id>,Uribe
<built-in function id>,Uribe
<built-in function id>,Lopez
<built-in function id>,Petro
<built-in function id>,Lopez
<built-in function id>,Lopez
<built-in function id>,Lopez
<built-in function id>,Lopez
<built-in function id>,Uribe
<built-in function id>,Uribe
<built-in function id>,Petro
<built-in function id>,Uribe
<built-in function id>,Lopez
<built-in function id>,Petro
<built-in function id>,Uribe
<built-in function id>,Lopez
<built-in function id>,Petro
<built-in function id>,Uribe
<built-in function id>,Petro
<built-in function id>,Petro
<built-in function id>,Uribe
<built-in function id>,Lopez
<built-in function id>,Petro
<built-in function id>,Lopez
<built-in function id>,Uribe
<built-in function id>,Lopez
<built-in function id>,Lopez
<built-in function id>,Uribe
<built-in function id>,Petro
<built-in function id>,Uribe
<built-in function id>,Lopez
<built-in function id>,Lopez
<built-in function id>,Uribe
<built-in function id>,Uribe
<built-in function id>,Petro
<built-in function id>,Lopez
<built-in function id>,Lopez
<built-in function id>,Petro
<built-in function id>,Petro
<built-in function id>,Lopez
<built-in function id>,Lopez
<built-in function id>,Lopez
<built-in function id>,Lopez
<built-in function id>,Lopez
<built-in function id>,Petro
<built-in function id>,Uribe
<built-in function id>,Lopez
<built-in function id>,Lopez
<built-in function id>,Lopez
<built-in function id>,Uribe
<built-in function id>,Petro
<built-in function id>,Lopez
<built-in function id>,Petro
<built-in function id>,Uribe
<built-in function id>,Petro
<built-in function id>,Uribe
<built-in function id>,Uribe
<built-in function id>,Petro
<built-in function id>,Petro
<built-in function id>,Lopez
<built-in function id>,Lopez
<built-in function id>,Uribe
<built-in function id>,Uribe
<built-in function id>,Uribe
<built-in function id>,Lopez
<built-in function id>,Lopez
<built-in function id>,Uribe
<built-in function id>,Petro
<built-in function id>,Uribe
<built-in function id>,Uribe
<built-in function id>,Uribe
<built-in function id>,Lopez
<built-in function id>,Lopez
<built-in function id>,Lopez
<built-in function id>,Uribe
<built-in function id>,Lopez
<built-in function id>,Lopez
<built-in function id>,Uribe
<built-in function id>,Lopez
<built-in function id>,Petro
<built-in function id>,Uribe
<built-in function id>,Lopez
<built-in function id>,Lopez
<built-in function id>,Uribe
<built-in function id>,Uribe
<built-in function id>,Petro
<built-in function id>,Petro
<built-in function id>,Uribe
<built-in function id>,Lopez
<built-in function id>,Lopez
<built-in function id>,Uribe
<built-in function id>,Uribe
<built-in function id>,Uribe
<built-in function id>,Lopez
<built-in function id>,Uribe
<built-in function id>,Lopez
<built-in function id>,Uribe
<built-in function id>,Petro
<built-in function id>,Uribe
<built-in function id>,Lopez
<built-in function id>,Uribe
<built-in function id>,Lopez
<built-in function id>,Lopez
<built-in function id>,Uribe
<built-in function id>,Lopez
<built-in function id>,Lopez
<built-in function id>,Petro
<built-in function id>,Uribe
<built-in function id>,Petro
<built-in function id>,Lopez
<built-in function id>,Uribe
<built-in function id>,Lopez
<built-in function id>,Petro
<built-in function id>,Uribe
<built-in function id>,Lopez
<built-in function id>,Uribe
<built-in function id>,Lopez
<built-in function id>,Lopez
<built-in function id>,Lopez
<built-in function id>,Uribe
<built-in function id>,Uribe
<built-in function id>,Lopez
<built-in function id>,Petro
<built-in function id>,Lopez
<built-in function id>,Lopez
<built-in function id>,Petro
<built-in function id>,Uribe
<built-in function id>,Uribe
<built-in function id>,Uribe
<built-in function id>,Lopez
<built-in function id>,Uribe
<built-in function id>,Lopez
<built-in function id>,Uribe
<built-in function id>,Uribe
<built-in function id>,Lopez
<built-in function id>,Petro
<built-in function id>,Uribe
<built-in function id>,Lopez
<built-in function id>,Petro
<built-in function id>,Uribe
<built-in function id>,Uribe
<built-in function id>,Uribe
<built-in function id>,Uribe
<built-in function id>,Petro
<built-in function id>,Uribe
<built-in function id>,Lopez
<built-in function id>,Lopez
<built-in function id>,Uribe
<built-in function id>,Lopez
<built-in function id>,Uribe
<built-in function id>,Lopez
<built-in function id>,Lopez
<built-in function id>,Petro
<built-in function id>,Petro
<built-in function id>,Petro
<built-in function id>,Lopez
<built-in function id>,Petro
<built-in function id>,Uribe
<built-in function id>,Petro
<built-in function id>,Petro
<built-in function id>,Petro
<built-in function id>,Uribe
<built-in function id>,Petro
<built-in function id>,Uribe
<built-in function id>,Lopez
<built-in function id>,Petro
<built-in function id>,Lopez
<built-in function id>,Lopez
<built-in function id>,Petro
<built-in function id>,Uribe
<built-in function id>,Lopez
<built-in function id>,Petro
<built-in function id>,Lopez
<built-in function id>,Petro
<built-in function id>,Lopez
<built-in function id>,Petro
<built-in function id>,Lopez
<built-in function id>,Lopez
<built-in function id>,Uribe
<built-in function id>,Uribe
<built-in function id>,Petro
<built-in function id>,Lopez
<built-in function id>,Petro
<built-in function id>,Lopez
<built-in function id>,Uribe
<built-in function id>,Uribe
<built-in function id>,Lopez
<built-in function id>,Uribe
<built-in function id>,Petro
<built-in function id>,Lopez
<built-in function id>,Petro
<built-in function id>,Lopez
<built-in function id>,Petro
<built-in function id>,Uribe
<built-in function id>,Uribe
<built-in function id>,Lopez
<built-in function id>,Uribe
<built-in function id>,Uribe
<built-in function id>,Lopez
<built-in function id>,Petro
<built-in function id>,Uribe
<built-in function id>,Uribe
<built-in function id>,Petro
<built-in function id>,Petro
<built-in function id>,Lopez
<built-in function id>,Petro
<built-in function id>,Uribe
<built-in function id>,Uribe
<built-in function id>,Lopez
<built-in function id>,Lopez
<built-in function id>,Uribe
<built-in function id>,Uribe
<built-in function id>,Uribe
<built-in function id>,Uribe
<built-in function id>,Petro
<built-in function id>,Lopez
<built-in function id>,Uribe
<built-in function id>,Uribe
<built-in function id>,Lopez
<built-in function id>,Lopez
<built-in function id>,Uribe
<built-in function id>,Uribe
<built-in function id>,Lopez
<built-in function id>,Lopez
<built-in function id>,Uribe
<built-in function id>,Uribe
<built-in function id>,Lopez
<built-in function id>,Lopez
<built-in function id>,Uribe
<built-in function id>,Petro
<built-in function id>,Petro
<built-in function id>,Uribe
<built-in function id>,Lopez
<built-in function id>,Uribe
<built-in function id>,Lopez
<built-in function id>,Uribe
<built-in function id>,Uribe
<built-in function id>,Lopez
<built-in function id>,Uribe
<built-in function id>,Uribe
<built-in function id>,Petro
<built-in function id>,Lopez
<built-in function id>,Uribe
<built-in function id>,Petro
<built-in function id>,Petro
<built-in function id>,Uribe
<built-in function id>,Uribe
<built-in function id>,Uribe
<built-in function id>,Lopez
<built-in function id>,Lopez
<built-in function id>,Lopez
<built-in function id>,Petro
<built-in function id>,Petro
<built-in function id>,Uribe
<built-in function id>,Lopez
<built-in function id>,Uribe
<built-in function id>,Lopez
<built-in function id>,Lopez
<built-in function id>,Uribe
<built-in function id>,Uribe
<built-in function id>,Petro
<built-in function id>,Uribe
<built-in function id>,Uribe
<built-in function id>,Lopez
<built-in function id>,Lopez
<built-in function id>,Petro
<built-in function id>,Petro
<built-in function id>,Lopez
<built-in function id>,Petro
<built-in function id>,Petro
<built-in function id>,Lopez
<built-in function id>,Uribe
<built-in function id>,Petro
<built-in function id>,Uribe
<built-in function id>,Lopez
<built-in function id>,Lopez
<built-in function id>,Lopez
<built-in function id>,Lopez
<built-in function id>,Uribe
<built-in function id>,Uribe
<built-in function id>,Petro
<built-in function id>,Lopez
<built-in function id>,Petro
<built-in function id>,Uribe
<built-in function id>,Uribe
<built-in function id>,Petro
<built-in function id>,Petro
<built-in function id>,Lopez
<built-in function id>,Lopez
<built-in function id>,Uribe
<built-in function id>,Petro
<built-in function id>,Uribe
<built-in function id>,Petro
<built-in function id>,Petro
<built-in function id>,Lopez
<built-in function id>,Lopez
<built-in function id>,Petro
<built-in function id>,Lopez
<built-in function id>,Uribe
<built-in function id>,Lopez
<built-in function id>,Uribe
<built-in function id>,Lopez
<built-in function id>,Petro
<built-in function id>,Petro
<built-in function id>,Lopez
<built-in function id>,Petro
<built-in function id>,Uribe
<built-in function id>,Petro
<built-in function id>,Lopez
<built-in function id>,Lopez
<built-in function id>,Uribe
<built-in function id>,Lopez
<built-in function id>,Petro
<built-in function id>,Uribe
<built-in function id>,Uribe
<built-in function id>,Lopez
<built-in function id>,Petro
<built-in function id>,Petro
<built-in function id>,Uribe
<built-in function id>,Lopez
<built-in function id>,Lopez
<built-in function id>,Lopez
<built-in function id>,Petro
<built-in function id>,Uribe
<built-in function id>,Lopez
<built-in function id>,Uribe
<built-in function id>,Lopez
<built-in function id>,Uribe
<built-in function id>,Petro
<built-in function id>,Uribe
<built-in function id>,Uribe
<built-in function id>,Uribe
<built-in function id>,Petro
<built-in function id>,Uribe
<built-in function id>,Uribe
<built-in function id>,Lopez
<built-in function id>,Lopez
<built-in function id>,Uribe
<built-in function id>,Uribe
<built-in function id>,Lopez
<built-in function id>,Lopez
<built-in function id>,Petro
<built-in function id>,Petro
<built-in function id>,Uribe
<built-in function id>,Lopez
<built-in function id>,Lopez
<built-in function id>,Uribe
<built-in function id>,Petro
<built-in function id>,Lopez
<built-in function id>,Uribe
<built-in function id>,Petro
<built-in function id>,Uribe
<built-in function id>,Uribe
<built-in function id>,Uribe
<built-in function id>,Uribe
<built-in function id>,Uribe
<built-in function id>,Uribe
<built-in function id>,Lopez
<built-in function id>,Uribe
<built-in function id>,Uribe
<built-in function id>,Petro
<built-in function id>,Petro
<built-in function id>,Petro
<built-in function id>,Lopez
<built-in function id>,Uribe
<built-in function id>,Petro
<built-in function id>,Uribe
<built-in function id>,Petro
<built-in function id>,Uribe
<built-in function id>,Petro
<built-in function id>,Uribe
<built-in function id>,Uribe
<built-in function id>,Uribe
<built-in function id>,Uribe
<built-in function id>,Uribe
<built-in function id>,Lopez
<built-in function id>,Petro
<built-in function id>,Petro
<built-in function id>,Lopez
<built-in function id>,Uribe
<built-in function id>,Petro
<built-in function id>,Lopez
<built-in function id>,Uribe
<built-in function id>,Petro
<built-in function id>,Petro
<built-in function id>,Petro
<built-in function id>,Petro
<built-in function id>,Lopez
<built-in function id>,Lopez
<built-in function id>,Uribe
<built-in function id>,Lopez
<built-in function id>,Lopez
<built-in function id>,Uribe
<built-in function id>,Lopez
<built-in function id>,Uribe
<built-in function id>,Uribe
<built-in function id>,Uribe
<built-in function id>,Uribe
<built-in function id>,Lopez
<built-in function id>,Petro
<built-in function id>,Petro
<built-in function id>,Uribe
<built-in function id>,Uribe
<built-in function id>,Uribe
<built-in function id>,Petro
<built-in function id>,Uribe
<built-in function id>,Uribe
<built-in function id>,Uribe
<built-in function id>,Lopez
<built-in function id>,Petro
<built-in function id>,Lopez
<built-in function id>,Lopez
<built-in function id>,Petro
<built-in function id>,Uribe
<built-in function id>,Petro
<built-in function id>,Lopez
<built-in function id>,Petro
<built-in function id>,Petro
<built-in function id>,Petro
<built-in function id>,Uribe
<built-in function id>,Lopez
<built-in function id>,Lopez
<built-in function id>,Uribe
<built-in function id>,Petro
<built-in function id>,Lopez
<built-in function id>,Lopez
<built-in function id>,Lopez
<built-in function id>,Uribe
<built-in function id>,Lopez
<built-in function id>,Uribe
<built-in function id>,Uribe
<built-in function id>,Lopez
<built-in function id>,Uribe
<built-in function id>,Petro
<built-in function id>,Uribe
<built-in function id>,Lopez
<built-in function id>,Petro
<built-in function id>,Uribe
<built-in function id>,Uribe
<built-in function id>,Petro
<built-in function id>,Lopez
<built-in function id>,Petro
<built-in function id>,Lopez
<built-in function id>,Petro
<built-in function id>,Uribe
<built-in function id>,Petro
<built-in function id>,Petro
<built-in function id>,Lopez
<built-in function id>,Uribe
<built-in function id>,Lopez
<built-in function id>,Petro
<built-in function id>,Lopez
<built-in function id>,Petro
<built-in function id>,Lopez
<built-in function id>,Lopez
<built-in function id>,Petro
<built-in function id>,Petro
<built-in function id>,Petro
<built-in function id>,Lopez
<built-in function id>,Petro
<built-in function id>,Lopez
<built-in function id>,Uribe
<built-in function id>,Lopez
<built-in function id>,Uribe
<built-in function id>,Petro
<built-in function id>,Petro
<built-in function id>,Uribe
<built-in function id>,Uribe
<built-in function id>,Petro
<built-in function id>,Uribe
<built-in function id>,Petro
<built-in function id>,Lopez
<built-in function id>,Uribe
<built-in function id>,Uribe
<built-in function id>,Uribe
<built-in function id>,Lopez
<built-in function id>,Uribe
<built-in function id>,Petro
<built-in function id>,Uribe
<built-in function id>,Petro
<built-in function id>,Uribe
<built-in function id>,Lopez
<built-in function id>,Uribe
<built-in function id>,Lopez
<built-in function id>,Uribe
<built-in function id>,Uribe
<built-in function id>,Lopez
<built-in function id>,Petro
<built-in function id>,Petro
<built-in function id>,Uribe
<built-in function id>,Petro
<built-in function id>,Lopez
<built-in function id>,Petro
<built-in function id>,Petro
<built-in function id>,Petro
<built-in function id>,Uribe
<built-in function id>,Petro
<built-in function id>,Lopez
<built-in function id>,Lopez
<built-in function id>,Petro
<built-in function id>,Lopez
<built-in function id>,Petro
<built-in function id>,Lopez
<built-in function id>,Uribe
<built-in function id>,Lopez
<built-in function id>,Petro
<built-in function id>,Lopez
<built-in function id>,Petro
<built-in function id>,Lopez
<built-in function id>,Uribe
<built-in function id>,Lopez
<built-in function id>,Petro
<built-in function id>,Uribe
<built-in function id>,Lopez
<built-in function id>,Petro
<built-in function id>,Uribe
<built-in function id>,Lopez
<built-in function id>,Petro
<built-in function id>,Uribe
<built-in function id>,Lopez
<built-in function id>,Petro
<built-in function id>,Petro
<built-in function id>,Lopez
<built-in function id>,Lopez
<built-in function id>,Uribe
<built-in function id>,Lopez
<built-in function id>,Uribe
<built-in function id>,Lopez
<built-in function id>,Uribe
<built-in function id>,Uribe
<built-in function id>,Lopez
<built-in function id>,Petro
<built-in function id>,Lopez
<built-in function id>,Petro
<built-in function id>,Uribe
<built-in function id>,Petro
<built-in function id>,Lopez
<built-in function id>,Lopez
<built-in function id>,Petro
<built-in function id>,Uribe
<built-in function id>,Uribe
<built-in function id>,Uribe
<built-in function id>,Uribe
<built-in function id>,Petro
<built-in function id>,Petro
<built-in function id>,Lopez
<built-in function id>,Lopez
<built-in function id>,Lopez
<built-in function id>,Uribe
<built-in function id>,Lopez
<built-in function id>,Uribe
<built-in function id>,Uribe
<built-in function id>,Petro
<built-in function id>,Lopez
<built-in function id>,Uribe
<built-in function id>,Lopez
<built-in function id>,Uribe
<built-in function id>,Petro
<built-in function id>,Lopez
<built-in function id>,Lopez
<built-in function id>,Lopez
<built-in function id>,Petro
<built-in function id>,Petro
<built-in function id>,Uribe
<built-in function id>,Lopez
<built-in function id>,Lopez
<built-in function id>,Lopez
<built-in function id>,Uribe
<built-in function id>,Uribe
<built-in function id>,Uribe
<built-in function id>,Uribe
<built-in function id>,Uribe
<built-in function id>,Lopez
<built-in function id>,Lopez
<built-in function id>,Lopez
<built-in function id>,Lopez
<built-in function id>,Uribe
<built-in function id>,Petro
<built-in function id>,Lopez
<built-in function id>,Lopez
<built-in function id>,Lopez
<built-in function id>,Petro
<built-in function id>,Uribe
<built-in function id>,Lopez
<built-in function id>,Petro
<built-in function id>,Lopez
<built-in function id>,Lopez
<built-in function id>,Uribe
<built-in function id>,Uribe
<built-in function id>,Petro
<built-in function id>,Lopez
<built-in function id>,Lopez
<built-in function id>,Uribe
<built-in function id>,Lopez
<built-in function id>,Lopez
<built-in function id>,Petro
<built-in function id>,Petro
<built-in function id>,Lopez
<built-in function id>,Lopez
<built-in function id>,Petro
<built-in function id>,Uribe
<built-in function id>,Petro
<built-in function id>,Petro
<built-in function id>,Petro
<built-in function id>,Uribe
<built-in function id>,Lopez
<built-in function id>,Petro
<built-in function id>,Petro
<built-in function id>,Lopez
<built-in function id>,Lopez
<built-in function id>,Uribe
<built-in function id>,Petro
<built-in function id>,Lopez
<built-in function id>,Petro
<built-in function id>,Lopez
<built-in function id>,Lopez
<built-in function id>,Lopez
<built-in function id>,Lopez
<built-in function id>,Petro
<built-in function id>,Lopez
<built-in function id>,Uribe
<built-in function id>,Uribe
<built-in function id>,Petro
<built-in function id>,Uribe
<built-in function id>,Uribe
<built-in function id>,Lopez
<built-in function id>,Uribe
<built-in function id>,Uribe
<built-in function id>,Lopez
<built-in function id>,Lopez
<built-in function id>,Uribe
<built-in function id>,Petro
<built-in function id>,Lopez
<built-in function id>,Petro
<built-in function id>,Petro
<built-in function id>,Petro
<built-in function id>,Uribe
<built-in function id>,Lopez
<built-in function id>,Petro
<built-in function id>,Petro
<built-in function id>,Petro
<built-in function id>,Uribe
<built-in function id>,Uribe
<built-in function id>,Lopez
<built-in function id>,Lopez
<built-in function id>,Lopez
<built-in function id>,Petro
<built-in function id>,Lopez
<built-in function id>,Lopez
<built-in function id>,Petro
<built-in function id>,Uribe
<built-in function id>,Petro
<built-in function id>,Uribe
<built-in function id>,Lopez
<built-in function id>,Petro
<built-in function id>,Uribe
<built-in function id>,Uribe
<built-in function id>,Petro
<built-in function id>,Petro
<built-in function id>,Uribe
<built-in function id>,Petro
<built-in function id>,Uribe
<built-in function id>,Petro
<built-in function id>,Lopez
<built-in function id>,Lopez
<built-in function id>,Petro
<built-in function id>,Uribe
<built-in function id>,Lopez
<built-in function id>,Petro
<built-in function id>,Petro
<built-in function id>,Petro
<built-in function id>,Uribe
<built-in function id>,Lopez
<built-in function id>,Uribe
<built-in function id>,Petro
<built-in function id>,Lopez
<built-in function id>,Lopez
<built-in function id>,Uribe
<built-in function id>,Uribe
<built-in function id>,Lopez
<built-in function id>,Petro
<built-in function id>,Uribe
<built-in function id>,Uribe
<built-in function id>,Lopez
<built-in function id>,Uribe
<built-in function id>,Uribe
<built-in function id>,Uribe
<built-in function id>,Uribe
<built-in function id>,Petro
<built-in function id>,Uribe
<built-in function id>,Uribe
